Trading name,Number of unique animals held in the establishment or in foster care on the first day of the reporting period (1 January) Dogs,Number of unique animals held in the establishment or in foster care on the first day of the reporting period (1 January) Cats,Number of instances in which animals were admitted to the establishment's care in the reporting period Dogs,Number of instances in which animals were admitted to the establishment's care in the reporting period Cats,the establishment having no capacity Dogs (Number of instances in which animals were physically presented but not admitted to the establishment in the reporting period due to:),the establishment having no capacity Cats (Number of instances in which animals were physically presented but not admitted to the establishment in the reporting period due to:),the animal having significant or unmanageable health concerns Dogs (Number of instances in which animals were physically presented but not admitted to the establishment in the reporting period due to:),the animal having significant or unmanageable health concerns Cats (Number of instances in which animals were physically presented but not admitted to the establishment in the reporting period due to:),the animal having significant or unmanageable behaviour concerns Dogs (Number of instances in which animals were physically presented but not admitted to the establishment in the reporting period due to:),the animal having significant or unmanageable behaviour concerns Cats (Number of instances in which animals were physically presented but not admitted to the establishment in the reporting period due to:),the animal being from outside your jurisdiction Dogs (Number of instances in which animals were physically presented but not admitted to the establishment in the reporting period due to:),the animal being from outside your jurisdiction Cats (Number of instances in which animals were physically presented but not admitted to the establishment in the reporting period due to:),other reasons Dogs (Number of instances in which animals were physically presented but not admitted to the establishment in the reporting period due to:),other reasons Cats (Number of instances in which animals were physically presented but not admitted to the establishment in the reporting period due to:),Contextual comments on intake data (optional),Number of instances in which animals were placed in foster care in the reporting period Dogs,Number of instances in which animals were placed in foster care in the reporting period Cats,Number of instances in which animals for which foster care was requested waited more than 14 full days to access this care* Dogs,Number of instances in which animals for which foster care was requested waited more than 14 full days to access this care* Cats,Contextual comments on establishment foster care data (optional),Number of instances in which animals were reclaimed by their owner in the reporting period Dogs,Number of instances in which animals were reclaimed by their owner in the reporting period Cats,Number of instances in which animals were rehomed by the establishment in the reporting period Dogs,Number of instances in which animals were rehomed by the establishment in the reporting period Cats,Number of instances in which animals were permanently transferred to another facility or organisation for rehoming in the reporting period Dogs,Number of instances in which animals were permanently transferred to another facility or organisation for rehoming in the reporting period Cats,new owner change of mind Dogs (Number of instances in which animals were rehomed but surrendered back to the establishment within 6-months due to:),new owner change of mind Cats (Number of instances in which animals were rehomed but surrendered back to the establishment within 6-months due to:),new owner change in circumstances Dogs (Number of instances in which animals were rehomed but surrendered back to the establishment within 6-months due to:),new owner change in circumstances Cats (Number of instances in which animals were rehomed but surrendered back to the establishment within 6-months due to:),post-adoption health issues Dogs (Number of instances in which animals were rehomed but surrendered back to the establishment within 6-months due to:),post-adoption health issues Cats (Number of instances in which animals were rehomed but surrendered back to the establishment within 6-months due to:),post-adoption behavioural issues Dogs (Number of instances in which animals were rehomed but surrendered back to the establishment within 6-months due to:),post-adoption behavioural issues Cats (Number of instances in which animals were rehomed but surrendered back to the establishment within 6-months due to:),other reasons Dogs (Number of instances in which animals were rehomed but surrendered back to the establishment within 6-months due to:),other reasons Cats (Number of instances in which animals were rehomed but surrendered back to the establishment within 6-months due to:),Contextual comments on establishment reclaim or rehomed data (optional),disease Dogs (Number of unique animals that were euthanased in the reporting period due to:),disease Cats (Number of unique animals that were euthanased in the reporting period due to:),injury Dogs (Number of unique animals that were euthanased in the reporting period due to:),injury Cats (Number of unique animals that were euthanased in the reporting period due to:),behaviour Dogs (Number of unique animals that were euthanased in the reporting period due to:),behaviour Cats (Number of unique animals that were euthanased in the reporting period due to:),age Dogs (Number of unique animals that were euthanased in the reporting period due to:),age Cats (Number of unique animals that were euthanased in the reporting period due to:),unsuitability for sale Dogs (Number of unique animals that were euthanased in the reporting period due to:),unsuitability for sale Cats (Number of unique animals that were euthanased in the reporting period due to:),being unweaned and orphaned Dogs (Number of unique animals that were euthanased in the reporting period due to:),being unweaned and orphaned Cats (Number of unique animals that were euthanased in the reporting period due to:),"Number of unique cats that were euthanased in the reporting period due to being unidentified and wild, uncontrollable, diseased Cats","Number of unique animals that died in the reporting period, but were not euthanased Dogs (Number of animals that died, but were not euthanased, in the establishment or while in foster care)","Number of unique animals that died in the reporting period, but were not euthanased Cats (Number of animals that died, but were not euthanased, in the establishment or while in foster care)",Contextual comments on establishment death data (optional)
Alpine Shire Council Pound,0,2,32,62,0,0,0,0,0,0,0,0,0,0,,0,6,0,0,,23,13,9,20,0,5,0,1,0,0,0,0,0,0,0,0,,0,0,0,0,0,0,0,0,0,0,0,0,22,0,0,
Animal Clinic Maffra,0,0,0,10,0,0,0,0,0,0,0,0,0,0,,0,10,0,0,,0,0,0,10,0,0,0,1,0,0,0,0,0,0,0,0,,0,0,0,0,0,0,0,0,0,0,0,0,0,0,0,
Ararat Rural City Council Pound,4,12,110,102,0,0,0,0,0,0,0,0,0,0,,0,0,0,0,,88,7,17,28,6,5,0,0,0,0,0,0,0,0,0,0,,0,0,0,0,0,0,0,0,0,0,0,0,72,1,0,
Australian Animal Protection Society,59,101,379,792,2,40,0,0,1,0,0,0,0,0,,297,421,2,4,"Animals that waited longer than 14 days to access foster care were primarily our big dogs and behaviour cats, as finding suitably experienced foster carers for them can take more time. Most other animals move into foster care or adoption very quickly and often ‘fly out the door,’ but these more complex cases require additional matching and support.",6,2,364,735,21,8,5,4,1,10,0,5,7,10,5,9,,4,13,1,0,1,0,0,0,0,0,0,0,0,0,6,The 13 cats and 4 dogs under disease were all euthanised due to medical reasons that consisted of a range of medical conditions.
Bass Coast Shire Council Pound,1,2,192,126,0,0,0,0,0,0,0,0,0,0,,0,0,0,0,,130,38,0,0,17,36,0,0,0,0,0,0,0,0,0,0,,0,0,1,1,3,23,0,0,0,0,0,0,21,0,1,
Baw Baw Shire Council Pound,15,31,374,440,0,0,0,0,0,0,0,0,0,0,"We are open for appointment only, all animal calls go through Customer Services.",0,0,0,0,,253,44,63,157,7,30,0,1,0,4,0,0,1,1,0,0,,7,10,1,4,9,10,0,0,13,9,0,0,133,0,2,
Bayside City Council Holding Facility,0,0,11,1,0,0,0,0,0,0,0,0,0,0,Bayside City Council uses a holding facility to reunite identified pets (dog & cats) with their owner/s - all other impounds/surrenders are processed via the Lost Dogs Home.,0,0,0,0,"Foster care is processed via Lost Dogs Home,",11,1,0,0,0,0,0,0,0,0,0,0,0,0,0,0,Rehomed pets are collected/impounded/surrendered to the Lost Dogs Home and processed via the Lost Dogs Home.,0,0,0,0,0,0,0,0,0,0,0,0,0,0,0,
Benalla Rural City Council Holding Facility,0,0,110,131,0,0,0,0,0,0,0,0,0,0,,0,0,0,0,,0,0,0,0,110,131,0,0,0,0,0,0,0,0,0,0,,0,0,0,0,0,0,0,0,0,0,0,0,0,0,0,
Bendigo Animal Relief Centre,20,38,1079,1024,0,0,0,0,0,0,0,2,0,0,,76,102,0,0,,553,162,265,494,64,19,5,4,4,4,0,2,20,7,1,5,"""Other reasons"" for returns includes an existing animal in the home responding negatively to the arrival of a new pet.",6,30,2,2,34,35,0,0,14,0,0,47,235,0,2,
Bendigo Animal Welfare & Community Services,2,13,0,2,0,0,0,0,0,0,0,0,0,0,,0,0,0,0,,0,0,0,1,0,0,0,0,0,0,0,0,0,0,0,0,,0,3,0,0,0,0,0,0,0,0,0,0,0,0,0,
Blue Cross Animals Society of Victoria,19,25,49,130,0,0,0,0,0,0,0,0,0,0,,0,0,0,0,No foster care program.,1,0,43,121,2,0,1,6,0,0,1,0,0,0,0,0,,0,3,0,0,4,0,0,0,3,0,0,0,0,0,0,
Brimbank City Council Holding Facility,0,0,842,1926,0,0,0,0,0,0,0,0,0,0,Brimbank Council does not have a public facility for members of the public to present animals to.,0,0,0,0,,17,0,0,0,825,1916,0,0,0,0,0,0,0,0,0,0,,0,0,0,5,0,0,0,0,0,0,0,0,5,0,0,
Buloke Shire Council Poound,4,1,4,1,0,0,0,0,0,0,0,0,0,0,,0,0,0,0,,2,0,1,1,1,0,0,0,0,0,0,0,0,0,0,0,,0,0,0,0,0,0,0,0,0,0,0,0,0,0,0,
Campaspe Shire Council Pound,13,43,335,573,0,0,0,0,0,0,0,0,0,0,,0,6,0,0,,177,29,37,171,91,244,0,0,0,0,0,0,0,0,0,0,,2,22,0,13,28,7,0,0,4,0,0,2,91,0,2,
Cat Lovers Ballarat,0,107,0,94,0,12,0,0,0,0,0,0,0,0,Cats are only turned away when we are at maximum capacity.,0,94,0,0,,0,0,0,115,0,1,0,1,0,6,0,0,0,2,0,0,,0,4,0,0,0,0,0,0,0,0,0,1,0,0,2,
Cat Protection Society of Victoria,0,217,0,1451,0,0,0,0,0,0,0,0,0,0,,0,784,0,27,,0,78,0,1213,0,0,0,16,0,11,0,2,0,5,0,26,,0,17,0,10,0,35,0,0,0,0,0,8,0,0,17,
Central Goldfields Rehoming,9,14,235,187,0,0,0,0,0,0,0,0,0,0,,20,19,0,0,,147,9,35,49,32,51,0,0,0,0,0,0,0,0,0,0,,2,3,0,0,9,0,0,0,0,0,0,0,48,0,0,
City of Ballarat Animal Shelter,55,219,1327,1280,0,0,18,19,0,0,4,0,0,0,,106,212,0,0,"We are pretty lucky with foster carers, urgent foster care requests are generally answered within the day or week.",713,140,390,670,157,249,22,14,0,0,0,0,2,0,0,0,,5,13,6,4,16,20,0,0,32,11,0,8,13,0,14,"Unsuitability for sale in dogs is taken from the data of dogs with aggression towards other dogs. Despite behavioral modification programs implemented, some dogs were unable to be assisted or had historical aggressive vices recorded. We had a parvovirus outbreak, which resulted in the euthanasia of five puppies."
Colac Otway Shire Council Pound,1,3,193,310,0,0,0,0,0,0,0,0,0,0,,6,11,0,0,,115,28,46,81,6,11,0,0,0,0,0,0,1,0,0,0,,2,31,0,3,14,12,0,1,11,45,0,10,78,0,0,
Corangamite Shire Council Pound,2,2,106,219,0,0,0,0,0,0,0,0,0,0,,0,0,0,0,Corangamite Shire Council does not at this stage have a foster care program.,51,16,0,2,52,120,0,0,0,0,0,0,0,0,0,0,,0,0,0,0,3,0,0,0,0,0,0,0,79,0,1,
East Doncaster Veterinary Hospital,0,0,0,5,0,0,0,0,0,0,0,0,0,0,,0,0,0,0,,0,0,0,5,0,0,0,0,0,0,0,0,0,0,0,0,,0,0,0,0,0,0,0,0,0,0,0,0,0,0,0,
Enchanted Pets,0,53,0,36,0,0,0,0,0,0,0,0,0,87,,0,31,0,0,,0,0,0,47,0,0,0,0,0,0,0,0,0,0,0,0,,0,0,0,0,0,0,0,0,0,0,0,0,0,0,0,
Forever Friends Animal Rescue,73,280,218,629,0,0,0,0,0,0,0,0,0,0,"We are a rescue with a shelter facility, not a pound facility.",218,629,0,0,,0,0,193,553,1,24,11,26,0,0,0,0,0,0,0,0,,4,15,0,0,1,1,0,0,0,0,0,0,0,3,24,
Gannawarra Shire Council Pound,2,5,120,130,0,0,0,0,0,0,0,0,0,0,,0,0,0,0,,56,17,0,0,53,63,0,0,0,0,0,0,0,0,0,0,,2,0,0,0,0,0,0,0,6,0,0,0,52,0,1,
Geelong Animal Welfare Society,112,320,1252,2029,0,0,0,0,0,0,0,0,0,0,Surrenders are predominantly made by appointment which enables capacity to be managed.  A few emergency pens are left vacant to accommodate unexpected arrivals. Planning is done for typical daily activity to reflect common capacity peaks and troughs.,261,1113,0,20,Foster care is flagged early to ensure it can be accommodated.  We have over 200 foster carers and regularly recruit to meet demand.,524,146,460,1586,133,27,1,5,0,0,0,2,7,5,4,11,"Other reasons include: Health of the carer, no time for the animal, resident pet behaviour, too big.",22,63,4,7,32,0,0,14,67,8,0,7,78,1,12,
Glenelg Shire Council Pound,1,0,305,222,0,0,0,0,0,0,0,0,0,0,,0,0,0,0,,169,26,0,0,129,183,0,0,0,0,0,0,0,0,0,0,,0,0,0,3,7,0,0,0,0,0,0,0,9,0,1,
Greyhound Adoption Program,181,0,1044,0,0,0,0,0,0,0,0,0,0,0,,241,0,241,0,,6,0,866,0,6,0,4,0,11,0,0,0,22,0,0,0,,16,0,6,0,67,0,0,0,0,0,0,0,0,4,0,
Hindmarsh Shire Council Pound,0,0,26,167,0,0,0,0,0,0,0,0,0,0,,1,0,0,0,,22,8,0,1,4,13,0,0,0,0,0,0,0,0,0,0,,0,0,0,0,0,0,0,0,0,0,0,0,145,0,0,
Hobsons Bay City Council Pound,0,0,152,524,0,0,0,0,0,0,0,0,0,0,,0,3,0,0,,81,12,0,0,71,443,0,0,0,0,0,0,0,0,0,0,,0,1,0,3,0,0,0,0,0,0,0,0,65,0,0,
Horsham Rural City Council Pound,0,0,283,212,0,0,0,0,0,0,0,0,0,0,,0,0,0,0,,209,67,0,0,59,87,0,0,0,0,0,0,0,0,0,0,,1,18,0,0,0,0,0,0,1,3,0,0,34,0,3,
Ingrid’s Haven,0,86,0,186,0,0,0,0,0,0,0,0,0,0,,0,0,0,0,,0,0,0,176,0,0,0,3,0,0,0,0,0,0,0,0,,0,22,0,0,0,0,0,0,0,0,0,0,0,0,12,We had mother cats have kittens while sick and the kittens also got sick.
Latrobe City Council Pound,9,21,629,721,0,0,8,38,77,33,0,0,0,0,,0,0,0,0,LCC are not habitually using foster care as a method for rehousing animals. Transfers are made straight to 84Y groups.,327,102,50,53,93,253,1,0,0,0,1,0,3,0,0,0,,6,41,0,2,71,154,0,2,0,3,0,4,103,0,8,
Loddon Shire Council Pound,0,0,111,106,0,0,0,0,0,0,0,0,0,0,,0,0,0,0,,23,3,0,0,84,52,0,0,0,0,0,0,0,0,0,0,,0,0,1,0,3,0,0,0,0,0,0,0,51,0,0,
Lort Smith,12,80,186,675,0,0,6,2,17,0,0,0,0,0,,93,718,49,236,,9,8,139,621,19,52,0,1,0,3,1,3,0,3,0,0,,0,6,1,13,0,1,0,0,0,0,8,6,0,0,0,
Macedon Ranges Shire Council Pound,0,0,204,208,0,0,0,0,0,0,0,0,0,0,,0,0,0,0,,105,25,0,0,98,138,0,0,0,0,0,0,0,0,0,0,,0,0,0,3,1,13,0,4,0,0,0,0,23,0,2,
Manningham City Council Pound,6,13,113,158,0,0,0,0,0,0,0,0,0,0,There were 6 dogs and 13 cats impounded during the previous reporting period in the pound on the 1 Jan 2025. There was 1 dog and 6 cats impounded during this reporting period still in the pound on 1 Jan 2026.,0,0,0,0,,101,21,0,0,11,111,0,0,0,0,0,0,0,0,0,0,,0,1,0,0,1,31,0,0,5,0,0,0,0,0,0,2 dogs which were seized prior to the reporting period due to animal aggression/prosecution were euthanased. 3 more dogs seized during the reporting period due to animal aggression/prosecution were euthanased. 1 dog was surrendered and euthanased due to severe aggression. All cats were housed for a number of days and had assessments conducted before euthanasia took place. No cats were taken straight to the vet for euthanasia. 1 cat seized prior to the reporting period was euthanased in the reporting period. 1 cat seized in the reporting period was euthanased in Jan 2026 so this is not included in the 2025 data.
Mansfield Shire Council Pound,0,0,44,27,0,0,0,0,0,0,0,0,0,0,,0,0,0,0,,36,4,1,5,6,3,0,0,0,0,0,0,0,0,0,0,,0,0,0,0,0,0,0,0,0,0,0,0,15,1,0,
Melton City Council Pound,13,59,975,1411,0,0,0,0,0,0,1,0,0,0,,1,27,0,0,,542,108,22,359,312,501,0,6,0,0,0,0,0,0,0,0,,1,84,3,14,59,40,1,1,24,40,1,4,174,0,2,
Mildura Rural City Council Pound,14,10,974,1190,0,0,0,0,0,0,3,2,0,0,We are experiencing ongoing issues with animals being presented from NSW.,0,0,0,0,,544,68,57,48,161,226,0,0,1,0,0,0,1,0,0,0,,13,19,3,10,117,57,8,16,53,94,0,16,618,0,1,
Mitchell Shire Council Pound,10,8,591,501,0,0,0,0,0,0,0,0,0,0,,1,0,0,0,,416,54,45,21,83,215,0,0,0,0,0,0,0,0,0,0,,2,8,0,2,41,143,0,0,1,0,0,0,6,1,18,
Moira Shire Council Pound,9,27,175,357,0,0,4,0,6,0,1,0,0,0,,2,26,0,0,,90,12,12,81,34,15,1,0,0,1,0,0,0,0,0,0,,2,51,0,0,0,0,0,0,26,35,0,22,135,0,6,
Moorabool Shire Council Poiund,2,0,244,305,0,0,0,0,0,0,0,0,0,0,,8,13,0,0,,146,23,13,70,55,81,0,1,0,0,0,0,1,0,0,0,,0,2,1,1,17,1,0,0,0,0,0,0,123,0,0,
Mornington Peninsula Shire Community Animal Shelter and Animal Pound,17,33,447,435,0,0,0,0,0,0,0,0,0,0,,0,0,0,0,Our facility does not currently run a foster care program.,329,47,76,190,26,110,2,2,3,0,1,0,10,5,0,4,,4,7,2,6,7,4,0,0,1,0,0,0,60,0,3,"Mornington Peninsula Shire has a Cat Trapping Program to contain stray, semi-owned and feral cats to reduce unwanted litters and overpopulation."
Mount Alexander Animal Welfare Inc,8,3,185,215,0,0,0,0,0,0,0,0,0,0,,8,16,0,0,,124,8,53,152,0,0,0,2,0,5,1,0,0,0,2,4,,2,1,1,0,3,7,2,1,1,1,0,0,37,0,0,
Murrindindi Shire Council Pound,0,0,17,65,0,0,0,0,0,0,0,0,0,0,,0,0,0,0,,11,5,0,0,6,46,0,0,0,0,0,0,0,0,0,0,,0,0,0,0,0,0,0,0,0,0,0,0,14,0,0,
Nillumbik Shire Council Pound,1,0,240,0,0,0,0,0,0,0,0,0,0,0,,0,0,0,0,,151,0,0,0,51,0,0,0,0,0,0,0,0,0,0,0,,0,0,0,0,0,0,0,0,31,0,0,0,0,0,0,
Northern Grampians Shire Council Pound,0,0,115,125,0,0,0,4,2,38,0,0,0,0,,0,0,0,0,,56,9,4,7,31,72,0,0,0,0,0,0,0,0,0,0,,2,5,0,0,9,0,0,0,0,0,0,0,24,0,0,
RSPCA Burwood,202,214,1533,2095,0,0,0,0,0,0,0,0,0,0,,239,592,98,412,,574,152,482,1127,167,49,0,0,11,28,0,3,23,13,2,7,,81,146,1,1,92,141,16,30,5,0,2,48,31,15,24,
RSPCA Pearcedale,84,278,198,1405,0,0,0,0,0,0,0,0,0,0,,140,626,55,412,,31,27,257,824,36,36,0,0,6,10,0,1,12,19,0,7,,13,36,0,0,15,48,1,17,0,0,0,3,0,0,17,
Save-A-Dog Scheme Inc.,73,76,250,168,0,0,0,0,0,0,0,1,0,0,,45,81,0,0,,40,15,181,148,0,2,1,0,7,2,0,1,10,0,1,3,"Save-A-Dog Scheme provides Stonnington Council's pound services. Of the 40 dogs reclaimed by their owners in the reporting period, Stonnington Council reported 38 instances of dogs. Of the 15 cats, reclaimed by their owners in the reporting period, Stonnington Council reported all 15 instances of cats. Stonnington Council reported one instance in which a cat was permanently transferred to another facility or organisation for rehoming in the reporting period. Returns to the establishment: The ""other reasons"" for cats were in relation to the resident cats not getting along with the rehomed cats.",2,1,1,0,2,3,1,0,0,0,0,0,0,2,2,"Save-A-Dog Scheme provides Stonnington Council's pound services. Of the 2 dogs euthanased for behaviour, Stonnington Council reported 1 dog (mandatory provisions under the Domestic Animals Act). The 1 cat euthanased for disease (welfare) was reported by Stonnington Council. Of the 2 cats that died in the reporting period, but were not euthanased, Stonnington Council reported 1 cat that died in transit to the pound."
Second Chance Animal Rescue,37,122,141,278,0,0,0,2,4,0,0,0,0,0,,181,267,21,25,,0,0,134,282,2,0,4,3,0,5,0,0,5,3,3,0,,2,3,0,0,1,0,0,0,0,0,0,0,0,0,3,
Shepparton Animal Shelter,33,112,687,1353,0,0,0,0,0,0,0,0,0,0,"As a pound, the animal shelter does not turn away any animal that is presented. Council advertises that an appointment is recommended prior to arrival, to allow Council staff to redirect animals that are outside of our jurisdiction.",19,56,0,0,,352,72,178,619,39,124,3,0,1,6,0,0,4,5,0,0,,14,155,16,43,58,211,3,1,29,1,1,23,37,3,35,
South Gippsland Shire Council Animal Shelter,2,6,132,290,0,0,0,0,0,0,0,0,0,0,,7,38,0,0,,106,23,8,15,10,158,0,1,0,0,0,0,0,0,0,0,,0,7,0,2,6,2,0,0,2,0,0,0,81,0,0,
Southern Grampians Shire Council Pound,10,4,180,263,0,0,0,0,0,0,0,0,0,0,,0,0,0,0,We do not have any foster care arrangements.,74,22,59,33,5,12,0,0,0,0,0,0,0,0,0,0,,2,4,1,3,8,7,3,0,27,56,0,0,126,0,0,
Strathbogie Shire Pound,0,0,77,163,0,0,0,0,0,0,0,0,0,0,,0,1,0,0,,54,5,17,8,0,0,0,0,0,0,0,0,0,0,1,0,The returned dog was a kelpie that was not interested in being a working dog and was rehomed.,2,4,0,1,4,6,0,1,0,0,0,0,138,0,0,
Surf Coast Shire Pound,0,0,97,61,0,0,0,0,0,0,0,0,0,0,,0,0,0,0,,88,29,0,0,7,22,0,0,0,0,0,0,0,0,0,0,,0,0,0,0,2,0,0,0,0,0,0,0,10,0,0,
Swan Hill Rural City Council Pound,1,0,164,379,0,0,0,0,0,0,0,0,0,0,,0,0,0,0,,66,20,2,3,85,188,0,0,0,0,0,0,0,0,0,0,,0,3,0,0,2,1,0,0,8,0,0,0,160,1,3,
The Lost Dogs Home Cranbourne,130,333,2267,5154,0,0,0,0,0,0,0,0,0,0,,199,1671,0,0,,1171,331,662,1992,88,557,5,4,10,11,4,10,53,22,11,9,,46,237,11,79,77,779,2,53,223,0,0,26,912,3,93,
The Lost Dogs Home North Melbourne,273,807,3663,7958,0,0,0,0,0,0,0,0,0,0,,523,3628,0,0,,1823,392,1039,4321,131,353,2,1,6,8,4,21,42,51,31,26,,78,325,45,179,163,665,1,2,379,0,0,158,1667,4,102,
Torquay and Surfcoast Veterinary Clinics,0,0,4,35,0,0,0,0,4,14,0,1,0,0,,0,8,0,0,,50,15,0,21,0,21,0,0,0,0,0,0,0,0,0,0,,0,0,0,0,4,0,0,0,0,0,0,0,14,0,0,
Victorian Animal Aid Trust Coldstream,77,125,1284,1805,0,0,0,0,0,0,0,0,0,0,,28,851,0,0,,785,214,372,966,9,108,0,0,8,0,0,3,18,11,26,11,,31,91,2,7,36,93,7,14,15,2,0,9,52,3,20,
Victorian Animal Aid Trust East Gippsland,18,55,441,423,0,0,0,0,0,0,0,0,0,0,,93,188,0,0,,180,29,157,322,18,7,0,0,0,1,0,0,3,0,7,4,,31,12,0,1,19,8,2,3,23,1,0,0,41,1,2,
Victorian Animal Aid Trust Gippsland,32,84,384,457,0,0,0,0,0,0,0,0,0,0,,7,129,0,0,,180,43,106,244,0,12,0,0,1,1,0,1,1,2,6,5,,7,3,0,3,11,17,2,0,3,0,0,0,13,0,4,
Warrnambool Animal Shelter,41,83,367,571,0,0,0,0,0,0,10,20,0,0,,26,122,0,0,,85,17,161,354,57,19,14,0,0,9,0,1,2,0,0,0,,0,105,10,0,60,0,0,0,30,0,0,28,59,1,8,
wat djerring Animal Facility,52,291,1142,3456,0,0,0,0,0,0,6,30,5,10,,0,0,0,0,We do not have a foster program.,651,235,182,1307,175,895,4,4,4,45,3,0,14,32,0,0,,23,42,10,90,12,29,0,0,93,294,1,55,563,2,29,
West Wimmera Shire Council Pound,0,0,19,30,0,0,0,0,0,0,0,0,0,0,,0,0,0,0,,8,5,3,0,0,0,0,0,0,0,0,0,1,0,0,0,,0,0,0,0,0,0,0,0,0,0,0,0,17,0,0,
Wyndham City Council Pound,1,0,773,1693,0,0,0,0,0,0,2,1,0,0,The reporting period saw a continued numbers of surrendered animals. The majority of impounded cats were stray and unidentifiable; this can be directly attributed to Wyndham Councils proactive cat trapping program.,1,48,0,0,Our relationships with partnered foster networks and rescue groups continued whilst The Lost Dogs Home is contracted to provide majority of our rehoming services.,309,52,0,0,449,1336,0,0,0,0,0,0,0,0,0,0,A substantial number of dogs and cats were surrendered during this time frame. Pets reunited from the establishment do not reflect total numbers of animals impounded in the municipality and reclaimed after being transferred to another establishment.,0,82,0,11,15,2,0,0,0,0,0,11,192,0,4,"As a result of our highly demanded free cat trapping service, many unhandleable and unidentifiable cats were impounded.  The total number of of dogs euthanised within the reporting period were surrendered to Council and were deemed high risk to the community due to aggressive behaviours."
Yarriambiack Shire Council Pound,0,0,28,44,0,0,0,2,0,2,0,0,0,0,,0,0,0,0,,18,12,0,0,6,26,0,0,0,0,0,0,0,0,0,0,,0,0,0,0,4,0,0,0,0,0,0,0,6,0,0,
,,,,,,,,,,,,,,,,,,,,,,,,,,,,,,,,,,,,,,,,,,,,,,,,,,,,,
,,,,,,,,,,,,,,,,,,,,,,,,,,,,,,,,,,,,,,,,,,,,,,,,,,,,,
,,,,,,,,,,,,,,,,,,,,,,,,,,,,,,,,,,,,,,,,,,,,,,,,,,,,,
,,,,,,,,,,,,,,,,,,,,,,,,,,,,,,,,,,,,,,,,,,,,,,,,,,,,,
,,,,,,,,,,,,,,,,,,,,,,,,,,,,,,,,,,,,,,,,,,,,,,,,,,,,,
,,,,,,,,,,,,,,,,,,,,,,,,,,,,,,,,,,,,,,,,,,,,,,,,,,,,,
,,,,,,,,,,,,,,,,,,,,,,,,,,,,,,,,,,,,,,,,,,,,,,,,,,,,,
,,,,,,,,,,,,,,,,,,,,,,,,,,,,,,,,,,,,,,,,,,,,,,,,,,,,,
,,,,,,,,,,,,,,,,,,,,,,,,,,,,,,,,,,,,,,,,,,,,,,,,,,,,,
